{
  "accuracy": 0.833,
  "report": {
    "0": {
      "precision": 0.8436213991769548,
      "recall": 0.8183632734530938,
      "f1-score": 0.8308004052684904,
      "support": 501.0
    },
    "1": {
      "precision": 0.8229571984435797,
      "recall": 0.8476953907815631,
      "f1-score": 0.8351431391905232,
      "support": 499.0
    },
    "accuracy": 0.833,
    "macro avg": {
      "precision": 0.8332892988102673,
      "recall": 0.8330293321173284,
      "f1-score": 0.8329717722295068,
      "support": 1000.0
    },
    "weighted avg": {
      "precision": 0.8333099630110006,
      "recall": 0.833,
      "f1-score": 0.8329674294955849,
      "support": 1000.0
    }
  }
}